{
  "上海迪士尼公园": [
    121.663735675967,
    31.1434379
  ],
  "上海天文博物馆": [
    121.92531,
    30.912285
  ],
  "东方明珠": [
    121.506377,
    31.245105
  ]
}
